"","x"
"1","steelblue"
"2","steelblue"
"3","steelblue"
"4","steelblue"
"5","steelblue"
"6","steelblue"
"7","steelblue"
"8","steelblue"
"9","steelblue"
"10","steelblue"
"11","steelblue"
"12","steelblue"
"13","steelblue"
"14","steelblue"
"15","steelblue"
"16","steelblue"
"17","steelblue"
"18","steelblue"
"19","steelblue"
"20","steelblue"
"21","steelblue"
"22","steelblue"
"23","steelblue"
"24","steelblue"
"25","steelblue"
"26","steelblue"
"27","steelblue"
"28","steelblue"
"29","steelblue"
"30","steelblue"
"31","steelblue"
"32","steelblue"
"33","steelblue"
"34","steelblue"
"35","steelblue"
"36","steelblue"
"37","steelblue"
"38","steelblue"
"39","steelblue"
"40","steelblue"
"41","steelblue"
"42","steelblue"
"43","steelblue"
"44","steelblue"
"45","steelblue"
"46","steelblue"
"47","steelblue"
"48","steelblue"
"49","steelblue"
"50","steelblue"
"51","steelblue"
"52","steelblue"
"53","steelblue"
"54","steelblue"
"55","steelblue"
"56","steelblue"
"57","steelblue"
"58","steelblue"
"59","steelblue"
"60","steelblue"
"61","steelblue"
"62","steelblue"
"63","steelblue"
"64","steelblue"
"65","steelblue"
"66","steelblue"
"67","steelblue"
"68","steelblue"
"69","steelblue"
"70","steelblue"
"71","steelblue"
"72","steelblue"
"73","steelblue"
"74","steelblue"
"75","steelblue"
"76","steelblue"
"77","steelblue"
"78","steelblue"
"79","steelblue"
"80","steelblue"
"81","steelblue"
"82","steelblue"
"83","steelblue"
"84","steelblue"
"85","steelblue"
"86","steelblue"
"87","steelblue"
"88","steelblue"
"89","steelblue"
"90","steelblue"
"91","steelblue"
"92","steelblue"
"93","steelblue"
"94","steelblue"
"95","steelblue"
"96","steelblue"
"97","steelblue"
"98","steelblue"
"99","steelblue"
"100","steelblue"
"101","steelblue"
"102","steelblue"
"103","steelblue"
"104","steelblue"
"105","steelblue"
"106","steelblue"
"107","steelblue"
"108","steelblue"
"109","steelblue"
"110","steelblue"
"111","steelblue"
"112","steelblue"
"113","steelblue"
"114","steelblue"
"115","steelblue"
"116","steelblue"
"117","steelblue"
"118","steelblue"
"119","steelblue"
"120","steelblue"
"121","steelblue"
"122","steelblue"
"123","steelblue"
"124","steelblue"
"125","steelblue"
"126","steelblue"
"127","steelblue"
"128","steelblue"
"129","steelblue"
"130","steelblue"
"131","steelblue"
"132","steelblue"
"133","steelblue"
"134","steelblue"
"135","steelblue"
"136","steelblue"
"137","steelblue"
"138","steelblue"
"139","steelblue"
"140","steelblue"
"141","steelblue"
"142","steelblue"
"143","steelblue"
"144","steelblue"
"145","steelblue"
"146","steelblue"
"147","steelblue"
"148","steelblue"
"149","steelblue"
"150","steelblue"
"151","steelblue"
"152","steelblue"
"153","steelblue"
"154","steelblue"
"155","steelblue"
"156","steelblue"
"157","steelblue"
"158","steelblue"
"159","steelblue"
"160","steelblue"
"161","steelblue"
"162","steelblue"
"163","steelblue"
"164","steelblue"
"165","steelblue"
"166","steelblue"
"167","steelblue"
"168","steelblue"
"169","steelblue"
"170","steelblue"
"171","steelblue"
"172","steelblue"
"173","steelblue"
"174","steelblue"
"175","steelblue"
"176","steelblue"
"177","steelblue"
"178","steelblue"
"179","steelblue"
"180","steelblue"
"181","steelblue"
"182","steelblue"
"183","steelblue"
"184","steelblue"
"185","steelblue"
"186","steelblue"
"187","steelblue"
"188","steelblue"
"189","steelblue"
"190","steelblue"
"191","steelblue"
"192","steelblue"
"193","steelblue"
"194","steelblue"
"195","steelblue"
"196","steelblue"
"197","steelblue"
"198","steelblue"
"199","steelblue"
"200","steelblue"
"201","steelblue"
"202","steelblue"
"203","steelblue"
"204","steelblue"
"205","steelblue"
"206","steelblue"
"207","steelblue"
"208","steelblue"
"209","steelblue"
"210","steelblue"
"211","steelblue"
"212","steelblue"
"213","steelblue"
"214","steelblue"
"215","steelblue"
"216","steelblue"
"217","steelblue"
"218","steelblue"
"219","steelblue"
"220","steelblue"
"221","steelblue"
"222","steelblue"
"223","steelblue"
"224","steelblue"
"225","steelblue"
"226","steelblue"
"227","steelblue"
"228","steelblue"
"229","steelblue"
"230","steelblue"
"231","steelblue"
"232","steelblue"
"233","steelblue"
"234","steelblue"
"235","steelblue"
